{
  "routes": [
    {
      "vehicle_id": 0,
      "locations": [
        8208214239,
        1590904537,
        1590904535,
        3762309012,
        3760235927,
        3760235930
      ],
      "total_distance": 351.20944545469155,
      "total_duration": 3594.4278403603544,
      "total_demand": 99.33819112088298
    },
    {
      "vehicle_id": 1,
      "locations": [
        3760235919,
        3760235922,
        3760235939,
        8208140283,
        3762309004,
        5992384943
      ],
      "total_distance": 444.08338750394853,
      "total_duration": 2940.8376258603585,
      "total_demand": 67.19254887373182
    }
  ],
  "total_distance": 795.29283295864,
  "total_duration": 6535.265466220713,
  "num_vehicles_used": 2
}