{
  "routes": [
    {
      "vehicle_id": 0,
      "locations": [
        3762201264,
        3762201267,
        11853794496,
        1054293090,
        10653480225,
        13086573759,
        4875800426,
        8227713316
      ],
      "total_distance": 3820.461418504551,
      "total_duration": 4814.992834046604,
      "total_demand": 93.03948922478264
    },
    {
      "vehicle_id": 1,
      "locations": [
        5994673528,
        2332930481
      ],
      "total_distance": 1912.2046967931374,
      "total_duration": 1115.697927101895,
      "total_demand": 36.45588814135853
    }
  ],
  "total_distance": 5732.6661152976885,
  "total_duration": 5930.6907611484985,
  "num_vehicles_used": 2
}